ID,symboling,name,fueltypes,aspiration,doornumbers,carbody,drivewheels,enginelocation,wheelbase,carlength,carwidth,carheight,curbweight,enginetype,cylindernumber,enginesize,fuelsystem,boreratio,stroke,compressionratio,horsepower,peakrpm,citympg,highwaympg,price,厂商名称
1,3,alfa-romero giulia,gas,std,2,convertible,rwd,front,88.6,168.8,64.1,48.8,2548,dohc,4,130,mpfi,3.47,2.68,9,111,5000,21,27,13495,alfa-romero
2,3,alfa-romero stelvio,gas,std,2,convertible,rwd,front,88.6,168.8,64.1,48.8,2548,dohc,4,130,mpfi,3.47,2.68,9,111,5000,21,27,16500,alfa-romero
3,1,alfa-romero Quadrifoglio,gas,std,2,hatchback,rwd,front,94.5,171.2,65.5,52.4,2823,ohcv,6,152,mpfi,2.68,3.47,9,154,5000,19,26,16500,alfa-romero
4,2,audi 100 ls,gas,std,4,sedan,fwd,front,99.8,176.6,66.2,54.3,2337,ohc,4,109,mpfi,3.19,3.4,10,102,5500,24,30,13950,audi
5,2,audi 100ls,gas,std,4,sedan,4wd,front,99.4,176.6,66.4,54.3,2824,ohc,5,136,mpfi,3.19,3.4,8,115,5500,18,22,17450,audi
6,2,audi fox,gas,std,2,sedan,fwd,front,99.8,177.3,66.3,53.1,2507,ohc,5,136,mpfi,3.19,3.4,8.5,110,5500,19,25,15250,audi
7,1,audi 100ls,gas,std,4,sedan,fwd,front,105.8,192.7,71.4,55.7,2844,ohc,5,136,mpfi,3.19,3.4,8.5,110,5500,19,25,17710,audi
8,1,audi 5000,gas,std,4,wagon,fwd,front,105.8,192.7,71.4,55.7,2954,ohc,5,136,mpfi,3.19,3.4,8.5,110,5500,19,25,18920,audi
9,1,audi 4000,gas,turbo,4,sedan,fwd,front,105.8,192.7,71.4,55.9,3086,ohc,5,131,mpfi,3.13,3.4,8.3,140,5500,17,20,23875,audi
10,0,audi 5000s (diesel),gas,turbo,2,hatchback,4wd,front,99.5,178.2,67.9,52,3053,ohc,5,131,mpfi,3.13,3.4,7,160,5500,16,22,17859.167,audi
11,2,bmw 320i,gas,std,2,sedan,rwd,front,101.2,176.8,64.8,54.3,2395,ohc,4,108,mpfi,3.5,2.8,8.8,101,5800,23,29,16430,bmw
12,0,bmw 320i,gas,std,4,sedan,rwd,front,101.2,176.8,64.8,54.3,2395,ohc,4,108,mpfi,3.5,2.8,8.8,101,5800,23,29,16925,bmw
13,0,bmw x1,gas,std,2,sedan,rwd,front,101.2,176.8,64.8,54.3,2710,ohc,6,164,mpfi,3.31,3.19,9,121,4250,21,28,20970,bmw
14,0,bmw x3,gas,std,4,sedan,rwd,front,101.2,176.8,64.8,54.3,2765,ohc,6,164,mpfi,3.31,3.19,9,121,4250,21,28,21105,bmw
15,1,bmw z4,gas,std,4,sedan,rwd,front,103.5,189,66.9,55.7,3055,ohc,6,164,mpfi,3.31,3.19,9,121,4250,20,25,24565,bmw
16,0,bmw x4,gas,std,4,sedan,rwd,front,103.5,189,66.9,55.7,3230,ohc,6,209,mpfi,3.62,3.39,8,182,5400,16,22,30760,bmw
17,0,bmw x5,gas,std,2,sedan,rwd,front,103.5,193.8,67.9,53.7,3380,ohc,6,209,mpfi,3.62,3.39,8,182,5400,16,22,41315,bmw
18,0,bmw x3,gas,std,4,sedan,rwd,front,110,197,70.9,56.3,3505,ohc,6,209,mpfi,3.62,3.39,8,182,5400,15,20,36880,bmw
19,2,chevrolet impala,gas,std,2,hatchback,fwd,front,88.4,141.1,60.3,53.2,1488,l,3,61,2bbl,2.91,3.03,9.5,48,5100,47,53,5151,chevrolet
20,1,chevrolet monte carlo,gas,std,2,hatchback,fwd,front,94.5,155.9,63.6,52,1874,ohc,4,90,2bbl,3.03,3.11,9.6,70,5400,38,43,6295,chevrolet
21,0,chevrolet vega 2300,gas,std,4,sedan,fwd,front,94.5,158.8,63.6,52,1909,ohc,4,90,2bbl,3.03,3.11,9.6,70,5400,38,43,6575,chevrolet
22,1,dodge rampage,gas,std,2,hatchback,fwd,front,93.7,157.3,63.8,50.8,1876,ohc,4,90,2bbl,2.97,3.23,9.41,68,5500,37,41,5572,dodge
23,1,dodge challenger se,gas,std,2,hatchback,fwd,front,93.7,157.3,63.8,50.8,1876,ohc,4,90,2bbl,2.97,3.23,9.4,68,5500,31,38,6377,dodge
24,1,dodge d200,gas,turbo,2,hatchback,fwd,front,93.7,157.3,63.8,50.8,2128,ohc,4,98,mpfi,3.03,3.39,7.6,102,5500,24,30,7957,dodge
25,1,dodge monaco (sw),gas,std,4,hatchback,fwd,front,93.7,157.3,63.8,50.6,1967,ohc,4,90,2bbl,2.97,3.23,9.4,68,5500,31,38,6229,dodge
26,1,dodge colt hardtop,gas,std,4,sedan,fwd,front,93.7,157.3,63.8,50.6,1989,ohc,4,90,2bbl,2.97,3.23,9.4,68,5500,31,38,6692,dodge
27,1,dodge colt (sw),gas,std,4,sedan,fwd,front,93.7,157.3,63.8,50.6,1989,ohc,4,90,2bbl,2.97,3.23,9.4,68,5500,31,38,7609,dodge
28,1,dodge coronet custom,gas,turbo,2,sedan,fwd,front,93.7,157.3,63.8,50.6,2191,ohc,4,98,mpfi,3.03,3.39,7.6,102,5500,24,30,8558,dodge
29,-1,dodge dart custom,gas,std,4,wagon,fwd,front,103.3,174.6,64.6,59.8,2535,ohc,4,122,2bbl,3.34,3.46,8.5,88,5000,24,30,8921,dodge
30,3,dodge coronet custom (sw),gas,turbo,2,hatchback,fwd,front,95.9,173.2,66.3,50.2,2811,ohc,4,156,mfi,3.6,3.9,7,145,5000,19,24,12964,dodge
31,2,honda civic,gas,std,2,hatchback,fwd,front,86.6,144.6,63.9,50.8,1713,ohc,4,92,1bbl,2.91,3.41,9.6,58,4800,49,54,6479,honda
32,2,honda civic cvcc,gas,std,2,hatchback,fwd,front,86.6,144.6,63.9,50.8,1819,ohc,4,92,1bbl,2.91,3.41,9.2,76,6000,31,38,6855,honda
33,1,honda civic,gas,std,2,hatchback,fwd,front,93.7,150,64,52.6,1837,ohc,4,79,1bbl,2.91,3.07,10.1,60,5500,38,42,5399,honda
34,1,honda accord cvcc,gas,std,2,hatchback,fwd,front,93.7,150,64,52.6,1940,ohc,4,92,1bbl,2.91,3.41,9.2,76,6000,30,34,6529,honda
35,1,honda civic cvcc,gas,std,2,hatchback,fwd,front,93.7,150,64,52.6,1956,ohc,4,92,1bbl,2.91,3.41,9.2,76,6000,30,34,7129,honda
36,0,honda accord lx,gas,std,4,sedan,fwd,front,96.5,163.4,64,54.5,2010,ohc,4,92,1bbl,2.91,3.41,9.2,76,6000,30,34,7295,honda
37,0,honda civic 1500 gl,gas,std,4,wagon,fwd,front,96.5,157.1,63.9,58.3,2024,ohc,4,92,1bbl,2.92,3.41,9.2,76,6000,30,34,7295,honda
38,0,honda accord,gas,std,2,hatchback,fwd,front,96.5,167.5,65.2,53.3,2236,ohc,4,110,1bbl,3.15,3.58,9,86,5800,27,33,7895,honda
39,0,honda civic 1300,gas,std,2,hatchback,fwd,front,96.5,167.5,65.2,53.3,2289,ohc,4,110,1bbl,3.15,3.58,9,86,5800,27,33,9095,honda
40,0,honda prelude,gas,std,4,sedan,fwd,front,96.5,175.4,65.2,54.1,2304,ohc,4,110,1bbl,3.15,3.58,9,86,5800,27,33,8845,honda
41,0,honda accord,gas,std,4,sedan,fwd,front,96.5,175.4,62.5,54.1,2372,ohc,4,110,1bbl,3.15,3.58,9,86,5800,27,33,10295,honda
42,0,honda civic,gas,std,4,sedan,fwd,front,96.5,175.4,65.2,54.1,2465,ohc,4,110,mpfi,3.15,3.58,9,101,5800,24,28,12945,honda
43,1,honda civic (auto),gas,std,2,sedan,fwd,front,96.5,169.1,66,51,2293,ohc,4,110,2bbl,3.15,3.58,9.1,100,5500,25,31,10345,honda
44,0,isuzu MU-X,gas,std,4,sedan,rwd,front,94.3,170.7,61.8,53.5,2337,ohc,4,111,2bbl,3.31,3.23,8.5,78,4800,24,29,6785,isuzu
45,1,isuzu D-Max,gas,std,2,sedan,fwd,front,94.5,155.9,63.6,52,1874,ohc,4,90,2bbl,3.03,3.11,9.6,70,5400,38,43,8916.5,isuzu
46,0,isuzu D-Max V-Cross,gas,std,4,sedan,fwd,front,94.5,155.9,63.6,52,1909,ohc,4,90,2bbl,3.03,3.11,9.6,70,5400,38,43,8916.5,isuzu
47,2,isuzu D-Max,gas,std,2,hatchback,rwd,front,96,172.6,65.2,51.4,2734,ohc,4,119,spfi,3.43,3.23,9.2,90,5000,24,29,11048,isuzu
48,0,jaguar xj,gas,std,4,sedan,rwd,front,113,199.6,69.6,52.8,4066,dohc,6,258,mpfi,3.63,4.17,8.1,176,4750,15,19,32250,jaguar
49,0,jaguar xf,gas,std,4,sedan,rwd,front,113,199.6,69.6,52.8,4066,dohc,6,258,mpfi,3.63,4.17,8.1,176,4750,15,19,35550,jaguar
50,0,jaguar xk,gas,std,2,sedan,rwd,front,102,191.7,70.6,47.8,3950,ohcv,12,326,mpfi,3.54,2.76,11.5,262,5000,13,17,36000,jaguar
51,1,maxda rx3,gas,std,2,hatchback,fwd,front,93.1,159.1,64.2,54.1,1890,ohc,4,91,2bbl,3.03,3.15,9,68,5000,30,31,5195,maxda
52,1,maxda glc deluxe,gas,std,2,hatchback,fwd,front,93.1,159.1,64.2,54.1,1900,ohc,4,91,2bbl,3.03,3.15,9,68,5000,31,38,6095,maxda
53,1,mazda rx2 coupe,gas,std,2,hatchback,fwd,front,93.1,159.1,64.2,54.1,1905,ohc,4,91,2bbl,3.03,3.15,9,68,5000,31,38,6795,mazda
54,1,mazda rx-4,gas,std,4,sedan,fwd,front,93.1,166.8,64.2,54.1,1945,ohc,4,91,2bbl,3.03,3.15,9,68,5000,31,38,6695,mazda
55,1,mazda glc deluxe,gas,std,4,sedan,fwd,front,93.1,166.8,64.2,54.1,1950,ohc,4,91,2bbl,3.08,3.15,9,68,5000,31,38,7395,mazda
56,3,mazda 626,gas,std,2,hatchback,rwd,front,95.3,169,65.7,49.6,2380,rotor,2,70,4bbl,3.33,3.255,9.4,101,6000,17,23,10945,mazda
57,3,mazda glc,gas,std,2,hatchback,rwd,front,95.3,169,65.7,49.6,2380,rotor,2,70,4bbl,3.33,3.255,9.4,101,6000,17,23,11845,mazda
58,3,mazda rx-7 gs,gas,std,2,hatchback,rwd,front,95.3,169,65.7,49.6,2385,rotor,2,70,4bbl,3.33,3.255,9.4,101,6000,17,23,13645,mazda
59,3,mazda glc 4,gas,std,2,hatchback,rwd,front,95.3,169,65.7,49.6,2500,rotor,2,80,mpfi,3.33,3.255,9.4,135,6000,16,23,15645,mazda
60,1,mazda 626,gas,std,2,hatchback,fwd,front,98.8,177.8,66.5,53.7,2385,ohc,4,122,2bbl,3.39,3.39,8.6,84,4800,26,32,8845,mazda
61,0,mazda glc custom l,gas,std,4,sedan,fwd,front,98.8,177.8,66.5,55.5,2410,ohc,4,122,2bbl,3.39,3.39,8.6,84,4800,26,32,8495,mazda
62,1,mazda glc custom,gas,std,2,hatchback,fwd,front,98.8,177.8,66.5,53.7,2385,ohc,4,122,2bbl,3.39,3.39,8.6,84,4800,26,32,10595,mazda
63,0,mazda rx-4,gas,std,4,sedan,fwd,front,98.8,177.8,66.5,55.5,2410,ohc,4,122,2bbl,3.39,3.39,8.6,84,4800,26,32,10245,mazda
64,0,mazda glc deluxe,diesel,std,4,sedan,fwd,front,98.8,177.8,66.5,55.5,2443,ohc,4,122,idi,3.39,3.39,22.7,64,4650,36,42,10795,mazda
65,0,mazda 626,gas,std,4,hatchback,fwd,front,98.8,177.8,66.5,55.5,2425,ohc,4,122,2bbl,3.39,3.39,8.6,84,4800,26,32,11245,mazda
66,0,mazda glc,gas,std,4,sedan,rwd,front,104.9,175,66.1,54.4,2670,ohc,4,140,mpfi,3.76,3.16,8,120,5000,19,27,18280,mazda
67,0,mazda rx-7 gs,diesel,std,4,sedan,rwd,front,104.9,175,66.1,54.4,2700,ohc,4,134,idi,3.43,3.64,22,72,4200,31,39,18344,mazda
68,-1,buick electra 225 custom,diesel,turbo,4,sedan,rwd,front,110,190.9,70.3,56.5,3515,ohc,5,183,idi,3.58,3.64,21.5,123,4350,22,25,25552,buick
69,-1,buick century luxus (sw),diesel,turbo,4,wagon,rwd,front,110,190.9,70.3,58.7,3750,ohc,5,183,idi,3.58,3.64,21.5,123,4350,22,25,28248,buick
70,0,buick century,diesel,turbo,2,hardtop,rwd,front,106.7,187.5,70.3,54.9,3495,ohc,5,183,idi,3.58,3.64,21.5,123,4350,22,25,28176,buick
71,-1,buick skyhawk,diesel,turbo,4,sedan,rwd,front,115.6,202.6,71.7,56.3,3770,ohc,5,183,idi,3.58,3.64,21.5,123,4350,22,25,31600,buick
72,-1,buick opel isuzu deluxe,gas,std,4,sedan,rwd,front,115.6,202.6,71.7,56.5,3740,ohcv,8,234,mpfi,3.46,3.1,8.3,155,4750,16,18,34184,buick
73,3,buick skylark,gas,std,2,convertible,rwd,front,96.6,180.3,70.5,50.8,3685,ohcv,8,234,mpfi,3.46,3.1,8.3,155,4750,16,18,35056,buick
74,0,buick century special,gas,std,4,sedan,rwd,front,120.9,208.1,71.7,56.7,3900,ohcv,8,308,mpfi,3.8,3.35,8,184,4500,14,16,40960,buick
75,1,buick regal sport coupe (turbo),gas,std,2,hardtop,rwd,front,112,199.2,72,55.4,3715,ohcv,8,304,mpfi,3.8,3.35,8,184,4500,14,16,45400,buick
76,1,mercury cougar,gas,turbo,2,hatchback,rwd,front,102.7,178.4,68,54.8,2910,ohc,4,140,mpfi,3.78,3.12,8,175,5000,19,24,16503,mercury
77,2,mitsubishi mirage,gas,std,2,hatchback,fwd,front,93.7,157.3,64.4,50.8,1918,ohc,4,92,2bbl,2.97,3.23,9.4,68,5500,37,41,5389,mitsubishi
78,2,mitsubishi lancer,gas,std,2,hatchback,fwd,front,93.7,157.3,64.4,50.8,1944,ohc,4,92,2bbl,2.97,3.23,9.4,68,5500,31,38,6189,mitsubishi
79,2,mitsubishi outlander,gas,std,2,hatchback,fwd,front,93.7,157.3,64.4,50.8,2004,ohc,4,92,2bbl,2.97,3.23,9.4,68,5500,31,38,6669,mitsubishi
80,1,mitsubishi g4,gas,turbo,2,hatchback,fwd,front,93,157.3,63.8,50.8,2145,ohc,4,98,spdi,3.03,3.39,7.6,102,5500,24,30,7689,mitsubishi
81,3,mitsubishi mirage g4,gas,turbo,2,hatchback,fwd,front,96.3,173,65.4,49.4,2370,ohc,4,110,spdi,3.17,3.46,7.5,116,5500,23,30,9959,mitsubishi
82,3,mitsubishi g4,gas,std,2,hatchback,fwd,front,96.3,173,65.4,49.4,2328,ohc,4,122,2bbl,3.35,3.46,8.5,88,5000,25,32,8499,mitsubishi
83,3,mitsubishi outlander,gas,turbo,2,hatchback,fwd,front,95.9,173.2,66.3,50.2,2833,ohc,4,156,spdi,3.58,3.86,7,145,5000,19,24,12629,mitsubishi
84,3,mitsubishi g4,gas,turbo,2,hatchback,fwd,front,95.9,173.2,66.3,50.2,2921,ohc,4,156,spdi,3.59,3.86,7,145,5000,19,24,14869,mitsubishi
85,3,mitsubishi mirage g4,gas,turbo,2,hatchback,fwd,front,95.9,173.2,66.3,50.2,2926,ohc,4,156,spdi,3.59,3.86,7,145,5000,19,24,14489,mitsubishi
86,1,mitsubishi montero,gas,std,4,sedan,fwd,front,96.3,172.4,65.4,51.6,2365,ohc,4,122,2bbl,3.35,3.46,8.5,88,5000,25,32,6989,mitsubishi
87,1,mitsubishi pajero,gas,std,4,sedan,fwd,front,96.3,172.4,65.4,51.6,2405,ohc,4,122,2bbl,3.35,3.46,8.5,88,5000,25,32,8189,mitsubishi
88,1,mitsubishi outlander,gas,turbo,4,sedan,fwd,front,96.3,172.4,65.4,51.6,2403,ohc,4,110,spdi,3.17,3.46,7.5,116,5500,23,30,9279,mitsubishi
89,-1,mitsubishi mirage g4,gas,std,4,sedan,fwd,front,96.3,172.4,65.4,51.6,2403,ohc,4,110,spdi,3.17,3.46,7.5,116,5500,23,30,9279,mitsubishi
90,1,Nissan versa,gas,std,2,sedan,fwd,front,94.5,165.3,63.8,54.5,1889,ohc,4,97,2bbl,3.15,3.29,9.4,69,5200,31,37,5499,Nissan
91,1,nissan gt-r,diesel,std,2,sedan,fwd,front,94.5,165.3,63.8,54.5,2017,ohc,4,103,idi,2.99,3.47,21.9,55,4800,45,50,7099,nissan
92,1,nissan rogue,gas,std,2,sedan,fwd,front,94.5,165.3,63.8,54.5,1918,ohc,4,97,2bbl,3.15,3.29,9.4,69,5200,31,37,6649,nissan
93,1,nissan latio,gas,std,4,sedan,fwd,front,94.5,165.3,63.8,54.5,1938,ohc,4,97,2bbl,3.15,3.29,9.4,69,5200,31,37,6849,nissan
94,1,nissan titan,gas,std,4,wagon,fwd,front,94.5,170.2,63.8,53.5,2024,ohc,4,97,2bbl,3.15,3.29,9.4,69,5200,31,37,7349,nissan
95,1,nissan leaf,gas,std,2,sedan,fwd,front,94.5,165.3,63.8,54.5,1951,ohc,4,97,2bbl,3.15,3.29,9.4,69,5200,31,37,7299,nissan
96,1,nissan juke,gas,std,2,hatchback,fwd,front,94.5,165.6,63.8,53.3,2028,ohc,4,97,2bbl,3.15,3.29,9.4,69,5200,31,37,7799,nissan
97,1,nissan latio,gas,std,4,sedan,fwd,front,94.5,165.3,63.8,54.5,1971,ohc,4,97,2bbl,3.15,3.29,9.4,69,5200,31,37,7499,nissan
98,1,nissan note,gas,std,4,wagon,fwd,front,94.5,170.2,63.8,53.5,2037,ohc,4,97,2bbl,3.15,3.29,9.4,69,5200,31,37,7999,nissan
99,2,nissan clipper,gas,std,2,hardtop,fwd,front,95.1,162.4,63.8,53.3,2008,ohc,4,97,2bbl,3.15,3.29,9.4,69,5200,31,37,8249,nissan
100,0,nissan rogue,gas,std,4,hatchback,fwd,front,97.2,173.4,65.2,54.7,2324,ohc,4,120,2bbl,3.33,3.47,8.5,97,5200,27,34,8949,nissan
101,0,nissan nv200,gas,std,4,sedan,fwd,front,97.2,173.4,65.2,54.7,2302,ohc,4,120,2bbl,3.33,3.47,8.5,97,5200,27,34,9549,nissan
102,0,nissan dayz,gas,std,4,sedan,fwd,front,100.4,181.7,66.5,55.1,3095,ohcv,6,181,mpfi,3.43,3.27,9,152,5200,17,22,13499,nissan
103,0,nissan fuga,gas,std,4,wagon,fwd,front,100.4,184.6,66.5,56.1,3296,ohcv,6,181,mpfi,3.43,3.27,9,152,5200,17,22,14399,nissan
104,0,nissan otti,gas,std,4,sedan,fwd,front,100.4,184.6,66.5,55.1,3060,ohcv,6,181,mpfi,3.43,3.27,9,152,5200,19,25,13499,nissan
105,3,nissan teana,gas,std,2,hatchback,rwd,front,91.3,170.7,67.9,49.7,3071,ohcv,6,181,mpfi,3.43,3.27,9,160,5200,19,25,17199,nissan
106,3,nissan kicks,gas,turbo,2,hatchback,rwd,front,91.3,170.7,67.9,49.7,3139,ohcv,6,181,mpfi,3.43,3.27,7.8,200,5200,17,23,19699,nissan
107,1,nissan clipper,gas,std,2,hatchback,rwd,front,99.2,178.5,67.9,49.7,3139,ohcv,6,181,mpfi,3.43,3.27,9,160,5200,19,25,18399,nissan
108,0,peugeot 504,gas,std,4,sedan,rwd,front,107.9,186.7,68.4,56.7,3020,l,4,120,mpfi,3.46,3.19,8.4,97,5000,19,24,11900,peugeot
109,0,peugeot 304,diesel,turbo,4,sedan,rwd,front,107.9,186.7,68.4,56.7,3197,l,4,152,idi,3.7,3.52,21,95,4150,28,33,13200,peugeot
110,0,peugeot 504 (sw),gas,std,4,wagon,rwd,front,114.2,198.9,68.4,58.7,3230,l,4,120,mpfi,3.46,3.19,8.4,97,5000,19,24,12440,peugeot
111,0,peugeot 504,diesel,turbo,4,wagon,rwd,front,114.2,198.9,68.4,58.7,3430,l,4,152,idi,3.7,3.52,21,95,4150,25,25,13860,peugeot
112,0,peugeot 504,gas,std,4,sedan,rwd,front,107.9,186.7,68.4,56.7,3075,l,4,120,mpfi,3.46,2.19,8.4,95,5000,19,24,15580,peugeot
113,0,peugeot 604sl,diesel,turbo,4,sedan,rwd,front,107.9,186.7,68.4,56.7,3252,l,4,152,idi,3.7,3.52,21,95,4150,28,33,16900,peugeot
114,0,peugeot 504,gas,std,4,wagon,rwd,front,114.2,198.9,68.4,56.7,3285,l,4,120,mpfi,3.46,2.19,8.4,95,5000,19,24,16695,peugeot
115,0,peugeot 505s turbo diesel,diesel,turbo,4,wagon,rwd,front,114.2,198.9,68.4,58.7,3485,l,4,152,idi,3.7,3.52,21,95,4150,25,25,17075,peugeot
116,0,peugeot 504,gas,std,4,sedan,rwd,front,107.9,186.7,68.4,56.7,3075,l,4,120,mpfi,3.46,3.19,8.4,97,5000,19,24,16630,peugeot
117,0,peugeot 504,diesel,turbo,4,sedan,rwd,front,107.9,186.7,68.4,56.7,3252,l,4,152,idi,3.7,3.52,21,95,4150,28,33,17950,peugeot
118,0,peugeot 604sl,gas,turbo,4,sedan,rwd,front,108,186.7,68.3,56,3130,l,4,134,mpfi,3.61,3.21,7,142,5600,18,24,18150,peugeot
119,1,plymouth fury iii,gas,std,2,hatchback,fwd,front,93.7,157.3,63.8,50.8,1918,ohc,4,90,2bbl,2.97,3.23,9.4,68,5500,37,41,5572,plymouth
120,1,plymouth cricket,gas,turbo,2,hatchback,fwd,front,93.7,157.3,63.8,50.8,2128,ohc,4,98,spdi,3.03,3.39,7.6,102,5500,24,30,7957,plymouth
121,1,plymouth fury iii,gas,std,4,hatchback,fwd,front,93.7,157.3,63.8,50.6,1967,ohc,4,90,2bbl,2.97,3.23,9.4,68,5500,31,38,6229,plymouth
122,1,plymouth satellite custom (sw),gas,std,4,sedan,fwd,front,93.7,167.3,63.8,50.8,1989,ohc,4,90,2bbl,2.97,3.23,9.4,68,5500,31,38,6692,plymouth
123,1,plymouth fury gran sedan,gas,std,4,sedan,fwd,front,93.7,167.3,63.8,50.8,2191,ohc,4,98,2bbl,2.97,3.23,9.4,68,5500,31,38,7609,plymouth
124,-1,plymouth valiant,gas,std,4,wagon,fwd,front,103.3,174.6,64.6,59.8,2535,ohc,4,122,2bbl,3.35,3.46,8.5,88,5000,24,30,8921,plymouth
125,3,plymouth duster,gas,turbo,2,hatchback,rwd,front,95.9,173.2,66.3,50.2,2818,ohc,4,156,spdi,3.59,3.86,7,145,5000,19,24,12764,plymouth
126,3,porsche macan,gas,std,2,hatchback,rwd,front,94.5,168.9,68.3,50.2,2778,ohc,4,151,mpfi,3.94,3.11,9.5,143,5500,19,27,22018,porsche
127,3,porcshce panamera,gas,std,2,hardtop,rwd,rear,89.5,168.9,65,51.6,2756,ohcf,6,194,mpfi,3.74,2.9,9.5,207,5900,17,25,32528,porcshce
128,3,porsche cayenne,gas,std,2,hardtop,rwd,rear,89.5,168.9,65,51.6,2756,ohcf,6,194,mpfi,3.74,2.9,9.5,207,5900,17,25,34028,porsche
129,3,porsche boxter,gas,std,2,convertible,rwd,rear,89.5,168.9,65,51.6,2800,ohcf,6,194,mpfi,3.74,2.9,9.5,207,5900,17,25,37028,porsche
130,1,porsche cayenne,gas,std,2,hatchback,rwd,front,98.4,175.7,72.3,50.5,3366,dohcv,8,203,mpfi,3.94,3.11,10,288,5750,17,28,31400.5,porsche
131,0,renault 12tl,gas,std,4,wagon,fwd,front,96.1,181.5,66.5,55.2,2579,ohc,4,132,mpfi,3.46,3.9,8.7,90,5100,23,31,9295,renault
132,2,renault 5 gtl,gas,std,2,hatchback,fwd,front,96.1,176.8,66.6,50.5,2460,ohc,4,132,mpfi,3.46,3.9,8.7,90,5100,23,31,9895,renault
133,3,saab 99e,gas,std,2,hatchback,fwd,front,99.1,186.6,66.5,56.1,2658,ohc,4,121,mpfi,3.54,3.07,9.31,110,5250,21,28,11850,saab
134,2,saab 99le,gas,std,4,sedan,fwd,front,99.1,186.6,66.5,56.1,2695,ohc,4,121,mpfi,3.54,3.07,9.3,110,5250,21,28,12170,saab
135,3,saab 99le,gas,std,2,hatchback,fwd,front,99.1,186.6,66.5,56.1,2707,ohc,4,121,mpfi,2.54,2.07,9.3,110,5250,21,28,15040,saab
136,2,saab 99gle,gas,std,4,sedan,fwd,front,99.1,186.6,66.5,56.1,2758,ohc,4,121,mpfi,3.54,3.07,9.3,110,5250,21,28,15510,saab
137,3,saab 99gle,gas,turbo,2,hatchback,fwd,front,99.1,186.6,66.5,56.1,2808,dohc,4,121,mpfi,3.54,3.07,9,160,5500,19,26,18150,saab
138,2,saab 99e,gas,turbo,4,sedan,fwd,front,99.1,186.6,66.5,56.1,2847,dohc,4,121,mpfi,3.54,3.07,9,160,5500,19,26,18620,saab
139,2,subaru,gas,std,2,hatchback,fwd,front,93.7,156.9,63.4,53.7,2050,ohcf,4,97,2bbl,3.62,2.36,9,69,4900,31,36,5118,subaru
140,2,subaru dl,gas,std,2,hatchback,fwd,front,93.7,157.9,63.6,53.7,2120,ohcf,4,108,2bbl,3.62,2.64,8.7,73,4400,26,31,7053,subaru
141,2,subaru dl,gas,std,2,hatchback,4wd,front,93.3,157.3,63.8,55.7,2240,ohcf,4,108,2bbl,3.62,2.64,8.7,73,4400,26,31,7603,subaru
142,0,subaru,gas,std,4,sedan,fwd,front,97.2,172,65.4,52.5,2145,ohcf,4,108,2bbl,3.62,2.64,9.5,82,4800,32,37,7126,subaru
143,0,subaru brz,gas,std,4,sedan,fwd,front,97.2,172,65.4,52.5,2190,ohcf,4,108,2bbl,3.62,2.64,9.5,82,4400,28,33,7775,subaru
144,0,subaru baja,gas,std,4,sedan,fwd,front,97.2,172,65.4,52.5,2340,ohcf,4,108,mpfi,3.62,2.64,9,94,5200,26,32,9960,subaru
145,0,subaru r1,gas,std,4,sedan,4wd,front,97,172,65.4,54.3,2385,ohcf,4,108,2bbl,3.62,2.64,9,82,4800,24,25,9233,subaru
146,0,subaru r2,gas,turbo,4,sedan,4wd,front,97,172,65.4,54.3,2510,ohcf,4,108,mpfi,3.62,2.64,7.7,111,4800,24,29,11259,subaru
147,0,subaru trezia,gas,std,4,wagon,fwd,front,97,173.5,65.4,53,2290,ohcf,4,108,2bbl,3.62,2.64,9,82,4800,28,32,7463,subaru
148,0,subaru tribeca,gas,std,4,wagon,fwd,front,97,173.5,65.4,53,2455,ohcf,4,108,mpfi,3.62,2.64,9,94,5200,25,31,10198,subaru
149,0,subaru dl,gas,std,4,wagon,4wd,front,96.9,173.6,65.4,54.9,2420,ohcf,4,108,2bbl,3.62,2.64,9,82,4800,23,29,8013,subaru
150,0,subaru dl,gas,turbo,4,wagon,4wd,front,96.9,173.6,65.4,54.9,2650,ohcf,4,108,mpfi,3.62,2.64,7.7,111,4800,23,23,11694,subaru
151,1,toyota corona mark ii,gas,std,2,hatchback,fwd,front,95.7,158.7,63.6,54.5,1985,ohc,4,92,2bbl,3.05,3.03,9,62,4800,35,39,5348,toyota
152,1,toyota corona,gas,std,2,hatchback,fwd,front,95.7,158.7,63.6,54.5,2040,ohc,4,92,2bbl,3.05,3.03,9,62,4800,31,38,6338,toyota
153,1,toyota corolla 1200,gas,std,4,hatchback,fwd,front,95.7,158.7,63.6,54.5,2015,ohc,4,92,2bbl,3.05,3.03,9,62,4800,31,38,6488,toyota
154,0,toyota corona hardtop,gas,std,4,wagon,fwd,front,95.7,169.7,63.6,59.1,2280,ohc,4,92,2bbl,3.05,3.03,9,62,4800,31,37,6918,toyota
155,0,toyota corolla 1600 (sw),gas,std,4,wagon,4wd,front,95.7,169.7,63.6,59.1,2290,ohc,4,92,2bbl,3.05,3.03,9,62,4800,27,32,7898,toyota
156,0,toyota carina,gas,std,4,wagon,4wd,front,95.7,169.7,63.6,59.1,3110,ohc,4,92,2bbl,3.05,3.03,9,62,4800,27,32,8778,toyota
157,0,toyota mark ii,gas,std,4,sedan,fwd,front,95.7,166.3,64.4,53,2081,ohc,4,98,2bbl,3.19,3.03,9,70,4800,30,37,6938,toyota
158,0,toyota corolla 1200,gas,std,4,hatchback,fwd,front,95.7,166.3,64.4,52.8,2109,ohc,4,98,2bbl,3.19,3.03,9,70,4800,30,37,7198,toyota
159,0,toyota corona,diesel,std,4,sedan,fwd,front,95.7,166.3,64.4,53,2275,ohc,4,110,idi,3.27,3.35,22.5,56,4500,34,36,7898,toyota
160,0,toyota corolla,diesel,std,4,hatchback,fwd,front,95.7,166.3,64.4,52.8,2275,ohc,4,110,idi,3.27,3.35,22.5,56,4500,38,47,7788,toyota
161,0,toyota corona,gas,std,4,sedan,fwd,front,95.7,166.3,64.4,53,2094,ohc,4,98,2bbl,3.19,3.03,9,70,4800,38,47,7738,toyota
162,0,toyota corolla,gas,std,4,hatchback,fwd,front,95.7,166.3,64.4,52.8,2122,ohc,4,98,2bbl,3.19,3.03,9,70,4800,28,34,8358,toyota
163,0,toyota mark ii,gas,std,4,sedan,fwd,front,95.7,166.3,64.4,52.8,2140,ohc,4,98,2bbl,3.19,3.03,9,70,4800,28,34,9258,toyota
164,1,toyota corolla liftback,gas,std,2,sedan,rwd,front,94.5,168.7,64,52.6,2169,ohc,4,98,2bbl,3.19,3.03,9,70,4800,29,34,8058,toyota
165,1,toyota corona,gas,std,2,hatchback,rwd,front,94.5,168.7,64,52.6,2204,ohc,4,98,2bbl,3.19,3.03,9,70,4800,29,34,8238,toyota
166,1,toyota celica gt liftback,gas,std,2,sedan,rwd,front,94.5,168.7,64,52.6,2265,dohc,4,98,mpfi,3.24,3.08,9.4,112,6600,26,29,9298,toyota
167,1,toyota corolla tercel,gas,std,2,hatchback,rwd,front,94.5,168.7,64,52.6,2300,dohc,4,98,mpfi,3.24,3.08,9.4,112,6600,26,29,9538,toyota
168,2,toyota corona liftback,gas,std,2,hardtop,rwd,front,98.4,176.2,65.6,52,2540,ohc,4,146,mpfi,3.62,3.5,9.3,116,4800,24,30,8449,toyota
169,2,toyota corolla,gas,std,2,hardtop,rwd,front,98.4,176.2,65.6,52,2536,ohc,4,146,mpfi,3.62,3.5,9.3,116,4800,24,30,9639,toyota
170,2,toyota starlet,gas,std,2,hatchback,rwd,front,98.4,176.2,65.6,52,2551,ohc,4,146,mpfi,3.62,3.5,9.3,116,4800,24,30,9989,toyota
171,2,toyota tercel,gas,std,2,hardtop,rwd,front,98.4,176.2,65.6,52,2679,ohc,4,146,mpfi,3.62,3.5,9.3,116,4800,24,30,11199,toyota
172,2,toyota corolla,gas,std,2,hatchback,rwd,front,98.4,176.2,65.6,52,2714,ohc,4,146,mpfi,3.62,3.5,9.3,116,4800,24,30,11549,toyota
173,2,toyota cressida,gas,std,2,convertible,rwd,front,98.4,176.2,65.6,53,2975,ohc,4,146,mpfi,3.62,3.5,9.3,116,4800,24,30,17669,toyota
174,-1,toyota corolla,gas,std,4,sedan,fwd,front,102.4,175.6,66.5,54.9,2326,ohc,4,122,mpfi,3.31,3.54,8.7,92,4200,29,34,8948,toyota
175,-1,toyota celica gt,diesel,turbo,4,sedan,fwd,front,102.4,175.6,66.5,54.9,2480,ohc,4,110,idi,3.27,3.35,22.5,73,4500,30,33,10698,toyota
176,-1,toyota corona,gas,std,4,hatchback,fwd,front,102.4,175.6,66.5,53.9,2414,ohc,4,122,mpfi,3.31,3.54,8.7,92,4200,27,32,9988,toyota
177,-1,toyota corolla,gas,std,4,sedan,fwd,front,102.4,175.6,66.5,54.9,2414,ohc,4,122,mpfi,3.31,3.54,8.7,92,4200,27,32,10898,toyota
178,-1,toyota mark ii,gas,std,4,hatchback,fwd,front,102.4,175.6,66.5,53.9,2458,ohc,4,122,mpfi,3.31,3.54,8.7,92,4200,27,32,11248,toyota
179,3,toyota corolla liftback,gas,std,2,hatchback,rwd,front,102.9,183.5,67.7,52,2976,dohc,6,171,mpfi,3.27,3.35,9.3,161,5200,20,24,16558,toyota
180,3,toyota corona,gas,std,2,hatchback,rwd,front,102.9,183.5,67.7,52,3016,dohc,6,171,mpfi,3.27,3.35,9.3,161,5200,19,24,15998,toyota
181,-1,toyota starlet,gas,std,4,sedan,rwd,front,104.5,187.8,66.5,54.1,3131,dohc,6,171,mpfi,3.27,3.35,9.2,156,5200,20,24,15690,toyota
182,-1,toyouta tercel,gas,std,4,wagon,rwd,front,104.5,187.8,66.5,54.1,3151,dohc,6,161,mpfi,3.27,3.35,9.2,156,5200,19,24,15750,toyouta
183,2,vokswagen rabbit,diesel,std,2,sedan,fwd,front,97.3,171.7,65.5,55.7,2261,ohc,4,97,idi,3.01,3.4,23,52,4800,37,46,7775,vokswagen
184,2,volkswagen 1131 deluxe sedan,gas,std,2,sedan,fwd,front,97.3,171.7,65.5,55.7,2209,ohc,4,109,mpfi,3.19,3.4,9,85,5250,27,34,7975,volkswagen
185,2,volkswagen model 111,diesel,std,4,sedan,fwd,front,97.3,171.7,65.5,55.7,2264,ohc,4,97,idi,3.01,3.4,23,52,4800,37,46,7995,volkswagen
186,2,volkswagen type 3,gas,std,4,sedan,fwd,front,97.3,171.7,65.5,55.7,2212,ohc,4,109,mpfi,3.19,3.4,9,85,5250,27,34,8195,volkswagen
187,2,volkswagen 411 (sw),gas,std,4,sedan,fwd,front,97.3,171.7,65.5,55.7,2275,ohc,4,109,mpfi,3.19,3.4,9,85,5250,27,34,8495,volkswagen
188,2,volkswagen super beetle,diesel,turbo,4,sedan,fwd,front,97.3,171.7,65.5,55.7,2319,ohc,4,97,idi,3.01,3.4,23,68,4500,37,42,9495,volkswagen
189,2,volkswagen dasher,gas,std,4,sedan,fwd,front,97.3,171.7,65.5,55.7,2300,ohc,4,109,mpfi,3.19,3.4,10,100,5500,26,32,9995,volkswagen
190,3,vw dasher,gas,std,2,convertible,fwd,front,94.5,159.3,64.2,55.6,2254,ohc,4,109,mpfi,3.19,3.4,8.5,90,5500,24,29,11595,vw
191,3,vw rabbit,gas,std,2,hatchback,fwd,front,94.5,165.7,64,51.4,2221,ohc,4,109,mpfi,3.19,3.4,8.5,90,5500,24,29,9980,vw
192,0,volkswagen rabbit,gas,std,4,sedan,fwd,front,100.4,180.2,66.9,55.1,2661,ohc,5,136,mpfi,3.19,3.4,8.5,110,5500,19,24,13295,volkswagen
193,0,volkswagen rabbit custom,diesel,turbo,4,sedan,fwd,front,100.4,180.2,66.9,55.1,2579,ohc,4,97,idi,3.01,3.4,23,68,4500,33,38,13845,volkswagen
194,0,volkswagen dasher,gas,std,4,wagon,fwd,front,100.4,183.1,66.9,55.1,2563,ohc,4,109,mpfi,3.19,3.4,9,88,5500,25,31,12290,volkswagen
195,-2,volvo 145e (sw),gas,std,4,sedan,rwd,front,104.3,188.8,67.2,56.2,2912,ohc,4,141,mpfi,3.78,3.15,9.5,114,5400,23,28,12940,volvo
196,-1,volvo 144ea,gas,std,4,wagon,rwd,front,104.3,188.8,67.2,57.5,3034,ohc,4,141,mpfi,3.78,3.15,9.5,114,5400,23,28,13415,volvo
197,-2,volvo 244dl,gas,std,4,sedan,rwd,front,104.3,188.8,67.2,56.2,2935,ohc,4,141,mpfi,3.78,3.15,9.5,114,5400,24,28,15985,volvo
198,-1,volvo 245,gas,std,4,wagon,rwd,front,104.3,188.8,67.2,57.5,3042,ohc,4,141,mpfi,3.78,3.15,9.5,114,5400,24,28,16515,volvo
199,-2,volvo 264gl,gas,turbo,4,sedan,rwd,front,104.3,188.8,67.2,56.2,3045,ohc,4,130,mpfi,3.62,3.15,7.5,162,5100,17,22,18420,volvo
200,-1,volvo diesel,gas,turbo,4,wagon,rwd,front,104.3,188.8,67.2,57.5,3157,ohc,4,130,mpfi,3.62,3.15,7.5,162,5100,17,22,18950,volvo
201,-1,volvo 145e (sw),gas,std,4,sedan,rwd,front,109.1,188.8,68.9,55.5,2952,ohc,4,141,mpfi,3.78,3.15,9.5,114,5400,23,28,16845,volvo
202,-1,volvo 144ea,gas,turbo,4,sedan,rwd,front,109.1,188.8,68.8,55.5,3049,ohc,4,141,mpfi,3.78,3.15,8.7,160,5300,19,25,19045,volvo
203,-1,volvo 244dl,gas,std,4,sedan,rwd,front,109.1,188.8,68.9,55.5,3012,ohcv,6,173,mpfi,3.58,2.87,8.8,134,5500,18,23,21485,volvo
204,-1,volvo 246,diesel,turbo,4,sedan,rwd,front,109.1,188.8,68.9,55.5,3217,ohc,6,145,idi,3.01,3.4,23,106,4800,26,27,22470,volvo
205,-1,volvo 264gl,gas,turbo,4,sedan,rwd,front,109.1,188.8,68.9,55.5,3062,ohc,4,141,mpfi,3.78,3.15,9.5,114,5400,19,25,22625,volvo
